{
    "SilhouetteScore": 0.2968932077027685,
    "Inertia": 1311.5316170883514
}