Feature,Importance
IsHoliday,0.28260806
DayOfWeek,0.26936024
Promo,0.14982402
IsWeekend,0.13412207
PromoActive,0.049996525
MonthEnd,0.020363001
CompetitionDistance,0.016031222
Promo2,0.014776272
CompetitionAge,0.011569717
Week,0.01100488
IsSchoolHoliday,0.009240786
Month,0.008952576
MonthStart,0.008755837
Quarter,0.0062673897
Year,0.004070503
SchoolHoliday,0.0030568696
