Feature,Importance
Customers,0.8166194
SalesPerCustomer,0.117680974
Promo,0.017624155
PromoActive,0.016345691
IsHoliday,0.006929263
Promo2,0.0050809216
CompetitionDistance,0.0046017435
DayOfWeek,0.0033963523
CompetitionAge,0.0029178723
Week,0.0018053454
MonthEnd,0.0016537711
Month,0.0013913686
SchoolHoliday,0.0011976917
IsWeekend,0.00078717346
Quarter,0.0006413451
IsSchoolHoliday,0.0006342695
Year,0.00043885643
MonthStart,0.00025374925
