{
    "MAE": 1472.8748779296875,
    "RMSE": 2170.964877652331,
    "R2": 0.6813068389892578
}