segment,total_sales,total_profit,total_orders
0,2874.5054169184286,328.1281416918429,7.018126888217522
1,9951.135073333333,2502.7239533333336,7.8
2,4583.976466666667,421.7931464912281,9.912280701754385
3,1238.8289498349836,56.368350495049505,3.9768976897689767
