{
    "MAE": 1505947.8483187016,
    "RMSE": 2086499.9744051767,
    "MAPE": 62.44215319990395,
    "WMAPE": 22.5967246956753,
    "R2": 0.5823054434985225
}